<?xml version="1.0" encoding="UTF-8"?>
<project-private xmlns="http://www.netbeans.org/ns/project-private/1">
    <editor-bookmarks xmlns="http://www.netbeans.org/ns/editor-bookmarks/2" lastBookmarkId="0"/>
    <open-files xmlns="http://www.netbeans.org/ns/projectui-open-files/2">
        <group>
            <file>file:/Z:/Java6/src/java6/Slownik.java</file>
            <file>file:/Z:/Java6/src/java6/PlikParser.java</file>
            <file>file:/Z:/Java6/src/java6/Kolekcja.java</file>
        </group>
    </open-files>
</project-private>
